Name,AccountNumber,AccountType
Sona Maria Sony,XXXX-XXXX-8821,Business Account
John Doe,XXXX-XXXX-1234,Savings Account
Jane Smith,XXXX-XXXX-5678,Personal Account
Acme Corp,XXXX-XXXX-9999,Business Account
Robert Brown,XXXX-XXXX-4321,Savings Account
Michael Johnson,XXXX-XXXX-1111,Personal Account
Emily Davis,XXXX-XXXX-2222,Savings Account
David Wilson,XXXX-XXXX-3333,Business Account
Sarah Miller,XXXX-XXXX-4444,Personal Account
Chris Taylor,XXXX-XXXX-5555,Savings Account
Jessica Anderson,XXXX-XXXX-6666,Business Account
Daniel Thomas,XXXX-XXXX-7777,Personal Account
Nancy Martinez,XXXX-XXXX-8888,Savings Account
Paul Hernandez,XXXX-XXXX-9911,Business Account
Lisa Moore,XXXX-XXXX-1010,Personal Account
Steven Clark,XXXX-XXXX-2020,Savings Account
Karen Lewis,XXXX-XXXX-3030,Business Account
Kevin Walker,XXXX-XXXX-4040,Personal Account
Sandra Hall,XXXX-XXXX-5050,Savings Account
Brian Young,XXXX-XXXX-6060,Business Account
Ashley Allen,XXXX-XXXX-7070,Personal Account
Jason King,XXXX-XXXX-8080,Savings Account
Kimberly Wright,XXXX-XXXX-9090,Business Account
Matthew Scott,XXXX-XXXX-0101,Personal Account
Donna Green,XXXX-XXXX-1212,Savings Account
Mark Baker,XXXX-XXXX-2323,Business Account
Carol Adams,XXXX-XXXX-3434,Personal Account
George Nelson,XXXX-XXXX-4545,Savings Account
Michelle Carter,XXXX-XXXX-5656,Business Account
Kenneth Mitchell,XXXX-XXXX-6767,Personal Account
Laura Perez,XXXX-XXXX-7878,Savings Account
Edward Roberts,XXXX-XXXX-8989,Business Account
Sarah Turner,XXXX-XXXX-9001,Personal Account
Ronald Phillips,XXXX-XXXX-1122,Savings Account
Deborah Campbell,XXXX-XXXX-3344,Business Account
Timothy Parker,XXXX-XXXX-5566,Personal Account
Rebecca Evans,XXXX-XXXX-7788,Savings Account
Jeffrey Edwards,XXXX-XXXX-9900,Business Account
Sharon Collins,XXXX-XXXX-2233,Personal Account
Gary Stewart,XXXX-XXXX-4455,Savings Account
Cynthia Sanchez,XXXX-XXXX-6677,Business Account
Nicholas Morris,XXXX-XXXX-8899,Personal Account
Kathleen Rogers,XXXX-XXXX-0011,Savings Account
Eric Reed,XXXX-XXXX-2244,Business Account
Amy Cook,XXXX-XXXX-4466,Personal Account
Stephen Morgan,XXXX-XXXX-6688,Savings Account
Shirley Bell,XXXX-XXXX-8800,Business Account
Larry Murphy,XXXX-XXXX-1357,Personal Account
Angela Bailey,XXXX-XXXX-2468,Savings Account
Scott Rivera,XXXX-XXXX-3579,Business Account
Ruth Cooper,XXXX-XXXX-8642,Personal Account
Frank Richardson,XXXX-XXXX-9753,Savings Account
Brenda Cox,XXXX-XXXX-1593,Business Account
Gregory Howard,XXXX-XXXX-7531,Personal Account
Pamela Ward,XXXX-XXXX-2584,Savings Account
Patrick Torres,XXXX-XXXX-3695,Business Account
Nicole Peterson,XXXX-XXXX-4716,Personal Account
Raymond Gray,XXXX-XXXX-5827,Savings Account
Diane Ramirez,XXXX-XXXX-6938,Business Account
Alexander James,XXXX-XXXX-7049,Personal Account
Lori Watson,XXXX-XXXX-8150,Savings Account
Jack Brooks,XXXX-XXXX-9261,Business Account
Seema Kelly,XXXX-XXXX-0372,Personal Account
Fred Sanders,XXXX-XXXX-1483,Savings Account
Marilyn Price,XXXX-XXXX-2594,Business Account
Douglas Bennett,XXXX-XXXX-3605,Personal Account
Andrea Wood,XXXX-XXXX-4716,Savings Account
Peter Barnes,XXXX-XXXX-5827,Business Account
Sara Ross,XXXX-XXXX-6938,Personal Account
Wayne Henderson,XXXX-XXXX-7049,Savings Account
Judith Coleman,XXXX-XXXX-8150,Business Account
Terry Jenkins,XXXX-XXXX-9261,Personal Account
Janice Perry,XXXX-XXXX-0372,Savings Account
Joe Powell,XXXX-XXXX-1483,Business Account
Cheryl Long,XXXX-XXXX-2594,Personal Account
Arthur Patterson,XXXX-XXXX-3605,Savings Account
Victoria Hughes,XXXX-XXXX-4716,Business Account
Ryan Flores,XXXX-XXXX-5827,Personal Account
Ann Washington,XXXX-XXXX-6938,Savings Account
Jacob Butler,XXXX-XXXX-7049,Business Account
Martha Simmons,XXXX-XXXX-8150,Personal Account
Harry Foster,XXXX-XXXX-9261,Savings Account
Christine Gonzales,XXXX-XXXX-0372,Business Account
Melvin Bryant,XXXX-XXXX-1483,Personal Account
Marie Alexander,XXXX-XXXX-2594,Savings Account
Oscar Russell,XXXX-XXXX-3605,Business Account
Alice Griffin,XXXX-XXXX-4716,Personal Account
Kyle Diaz,XXXX-XXXX-5827,Savings Account
Julia Hayes,XXXX-XXXX-6938,Business Account
